item,item_transitivity,mean_sentence_transitivity,transitivity_binned,mean_sdi,mean_path_similarity_score,mean_embedding_score,gesturer,Alternate,Manipulation,Tool,Movement,Manner,HS1Code,HS2Code,finger_complexity,joint_complexity,flexion,nsf_flexion,selected_fingers,aperture_change,nsf_thumb,thumb_flex,two_handed
racecar-into-box-IN,0,0.5,0,2.613818108,0.1342386621,7.036861304,CM,0,0,0,1,0,BTo,B^T-,1,2,6,0,imrpthumb,0,1,0,1
box-move-IN,0,0.85,1,1.967468035,0.2755413534,5.892610683,RVN,1,0,0,1,1,B^T-,B^T-,1,2,1,0,imrpthumb,0,-1,-1,1
reorient-pole-TR,1,0.8772,1,2.587038923,0.121920078,6.096663532,NP,0,1,0,0,0,BT(,BTc,1,2,4,0,imrpthumb,0,1,0,1
fan-turn-IN,0,0.275,0,2.841951219,0.08523684211,7.265665778,CM,1,0,0,1,0,BT@ BT^x BT^< B^T-,,1,2,7,0,imrpthumb,1,1,0,0
take-keys-out-of-box-TR,1,0.9,1,1.956558888,0.2294736842,5.680123572,CS,0,1,0,0,0,1@;T-;#,BT(,3,1,7,1,ithumb,0,0,1,1
light-candle-TR,1,0.925,1,2.757570705,0.07829197995,7.38851912,IP,0,1,1,0,0,B@;T- Bk@;/,,2,2,7,0,imrpthumb,0,-1,1,0
tape-measurer-bend-half-IN,0,0.2105,0,1.42776019,0.3416374269,4.40474723,RVN,0,0,0,0,0,B^T-,BTkc,1,2,1,0,imrpthumb,0,-1,-1,1
bounce-ball-TR,1,0.725,1,1.564853843,0.362518797,5.742552834,RVN,1,1,0,0,0,B^T-,,1,2,1,0,imrpthumb,0,-1,-1,0
ball-bounce-IN,0,0.25,0,1.462112903,0.2139473684,4.855661378,HO,1,0,0,1,1,BT^c B^T,BT^c B^T,1,2,5,0,imrpthumb,1,1,0,1
roll-out-TR,1,0.95,1,2.271868513,0.1807924356,7.250394196,HO,0,1,0,0,0,BT^c BT^[,BT^c,1,2,5,0,imrpthumb,0,1,0,1
fizzle-down-IN,0,0.3,0,2.778225413,0.1022280702,7.594724059,CM,0,0,0,1,1,B^T,B^T,1,2,1,0,imrpthumb,0,1,1,1
box-move-IN,0,0.65,0,1.504788284,0.6469298246,3.999883858,CM,1,0,0,1,1,B^T-,B^T,1,2,1,0,imrpthumb,0,-1,-1,1
approach-coatrack-IN,0,0.425,0,2.532591161,0.2116378446,7.082035355,NP,0,0,0,1,0,UT[;#,B;/,2,2,2,1,imthumb,0,2,1,1
picture-shift-IN,0,0.4333,0,1.943990303,0.4108157895,6.159393756,CM,1,0,0,1,0,B;/,B;/,2,1,1,-1,imrp,0,-1,1,1
balloon-deflate-IN,0,0.4211,0,2.331252849,0.179907091,6.857789809,CM,0,0,0,0,0,B^T BT^c,B^T BT^c,1,2,1,0,imrpthumb,1,1,1,1
picture-shift-IN,0,1,1,2.303379505,0.1289473684,6.563853129,NP,1,0,0,1,0,B@;/,B@;/,2,1,7,-1,imrp,0,-1,1,1
light-turn-on-IN,0,0.55,0,2.672682435,0.01602339181,7.244518949,NP,0,0,0,0,0,BTo B^T-,BT@,1,2,6,0,imrpthumb,1,1,0,1
measure-book-TR,1,1,1,1.762208171,0.2873886104,5.866084478,CS,0,1,1,0,0,1@;T-;# 1T(;#,1@;T-;# 1T(;#,3,1,7,1,ithumb,0,0,1,1
bread-spin-IN,0,0.425,0,2.310717508,0.187537594,6.366946745,NP,1,0,0,1,1,1T-;#,,2,1,1,1,ithumb,0,0,-1,0
push-button-microwave-TR,1,1,1,2.345862464,0.14945162,7.079227883,CS,0,1,0,0,0,1;T;#,B@;#,3,1,1,1,ithumb,0,2,1,1
ball-drop-IN,0,0.55,0,2.428468265,0.07847744361,6.36876684,HO,1,0,0,1,0,BT^[,B^T-,1,2,2,0,imrpthumb,0,1,1,1
crush-can-TR,1,0.9474,1,2.154783153,0.1926803119,7.338946975,CS,0,1,0,0,0,BT^< BT^[,BT^< BT^[,1,2,3,0,imrpthumb,0,1,0,1
coatrack-approach-IN,0,0.4167,0,2.199813959,0.1908976988,5.959991015,CS,0,0,0,1,0,B^T-,B^T-,1,2,1,0,imrpthumb,0,-1,-1,1
person-bend-over-IN,0,0.2,0,2.361738367,0.1728609023,6.928380778,RVN,0,0,0,0,0,B;/ Bo;T- B@;T,,2,1,1,-1,imrp,1,-1,1,0
fizzle-down-IN,0,0.1825,0,2.737234329,0.08294444444,7.979463668,IP,0,0,0,1,1,BTo B^T-,BTo B^T-,1,2,6,0,imrpthumb,1,1,0,1
shaving-cream-spray-IN,0,0.35,0,2.546116529,0.07306140351,7.682870087,RVN,1,0,0,1,1,1<;T-;#,1c;#,3,2,3,1,ithumb,0,0,-1,1
car-pass-tower-IN,0,0.3,0,2.299612816,0.2406641604,7.085348069,HO,0,0,0,1,0,B^T-,BT-,1,2,1,0,imrpthumb,0,-1,-1,1
tear-paper-TR,1,0.95,1,1.155885139,0.5341403509,5.013596873,RVN,0,1,0,0,0,1T>;#,1T>;#,2,2,6,1,ithumb,0,2,1,1
stick-break-IN,0,0.1667,0,2.123045554,0.1799463119,6.231623695,CS,1,0,0,0,0,BT-c,BT-c,1,2,5,0,imrpthumb,0,-1,-1,1
paper-drop-IN,0,0,0,1.310686555,0.5047368421,4.845287098,IP,0,0,0,1,1,B^T-,,1,2,1,0,imrpthumb,0,-1,-1,0
take-keys-out-of-box-TR,1,0.3,0,2.493346269,0.01788220551,6.90418509,RVN,0,1,0,0,0,BT^c Bkc;/,BT^c,1,3,5,0,imrpthumb,0,1,0,1
cards-scatter-IN,0,0.725,1,2.592787427,0.09664536341,7.449417047,NP,0,0,0,1,1,BTc B^T-,Bc;/,1,2,5,0,imrpthumb,1,1,0,1
hit-balloon-TR,1,0.8417,1,2.182897499,0.1744561404,6.407648148,NP,0,1,0,0,0,B;/ B;T,BTx B^T,2,1,1,-1,imrp,0,-1,1,1
bread-spin-IN,0,0.2,0,2.036840745,0.2927192982,6.38591164,RVN,1,0,0,1,1,1;T;#,1;#,3,1,1,1,ithumb,0,2,1,1
ball-bounce-IN,0,0.325,0,1.798978836,0.1149887218,5.479292208,RVN,1,0,0,1,1,DTo;/,,2,2,6,-1,mrpthumb,0,0,1,0
paper-airplane-land-IN,0,0.05,0,1.929538294,0.2598245614,6.545983609,CS,0,0,0,1,0,B^T-,,1,2,1,0,imrpthumb,0,-1,-1,0
tower-fall-IN,0,0.525,0,1.635582847,0.2318458647,4.833080152,NP,1,0,0,0,0,H;#,BT-,2,1,1,1,ip,0,1,1,1
spin-bread-TR,1,0.65,0,2.777050329,0.02289473684,7.343174709,HO,1,1,0,0,0,BT^c B^c;/,BT^c B^T-,1,2,5,0,imrpthumb,0,1,0,1
ball-bounce-IN,0,0.35,0,2.14262166,0.169877193,6.011277208,NP,1,0,0,1,1,BT@ BT-^c,,1,1,7,0,imrpthumb,0,1,0,0
pour-bottle-caps-TR,1,1,1,0.567060931,0.7456140351,2.207756803,HO,1,1,1,0,0,BT^c,BT-^c,1,2,5,0,imrpthumb,0,1,0,1
tower-fall-IN,0,0.3417,0,2.10835013,0.2761140351,5.377386584,RVN,1,0,0,0,0,B^;# M;#,B^T,3,2,1,1,imrp,0,1,1,1
dip-finger-in-jar-TR,1,0.85,1,2.14075483,0.1580125313,6.569667707,NP,0,1,0,0,0,J;#,BTc,2,1,1,1,p,0,1,1,1
remove-cork-TR,1,1,1,2.55394294,0.1227669173,7.162418062,IP,0,1,0,0,0,BT@,,1,1,7,0,imrpthumb,0,1,0,0
pop-balloon-TR,1,0.5,0,2.293123206,0.07268031189,6.917326766,CM,0,1,1,0,0,UTo# B^T,B^T,3,2,6,1,imthumb,1,2,0,1
pop-balloon-TR,1,0.7167,1,1.934485596,0.2776754386,6.812566734,HO,0,1,1,0,0,1T>;/ BT-^c,BT-^c,3,2,6,-1,ithumb,0,0,1,1
put-book-on-side-TR,1,0.95,1,1.703054677,0.3279824561,5.703005017,CS,1,1,0,0,0,BT^c,,1,2,5,0,imrpthumb,0,1,0,0
racecar-into-box-IN,0,0.15,0,1.163723348,0.4991353383,4.615315402,NP,0,0,0,1,0,U^[;#,B;/,2,2,2,1,im,0,1,1,1
plug-in-TR,1,0.7167,1,2.754331704,0.1047101276,6.37040147,CS,0,1,1,0,0,BT^c,BT^c,1,2,5,0,imrpthumb,0,1,0,1
picture-shift-IN,0,0.8246,1,2.672911592,0.08598301309,6.60322543,CS,1,0,0,1,0,B^T-,B^T,1,2,1,0,imrpthumb,0,-1,-1,1
stick-break-IN,0,0.7083,1,2.162243243,0.06214411028,6.616415536,NP,1,0,0,0,0,BT>,BT>,1,2,6,0,imrpthumb,0,1,0,1
paper-airplane-land-IN,0,0.15,0,1.695723926,0.3252192982,6.163635882,HO,0,0,0,1,0,B^T-,B;/,1,2,1,0,imrpthumb,0,-1,-1,1
take-keys-out-of-box-TR,1,1,1,2.673761265,0.04813220551,6.488749782,IP,0,1,0,0,0,BT^c,Bkc;/,1,2,5,0,imrpthumb,0,1,0,1
bowl-break-IN,0,0.2982,0,2.643921158,0.0865497076,7.061136343,RVN,0,0,0,0,0,BT@ BT-k,BT@ BT-k,1,2,7,0,imrpthumb,1,1,0,1
cards-scatter-IN,0,0.6583,0,2.972845712,0.04486340852,7.108700413,HO,0,0,0,1,1,B^;#,BT-,2,2,1,1,imrp,0,1,1,1
person-bend-over-IN,0,0.1579,0,2.232694477,0.2951949318,6.63199874,HO,0,0,0,0,0,B;/,,2,1,1,-1,imrp,0,-1,1,0
shake-shaker-TR,1,0.9298,1,2.444199786,0.1220523531,7.146461393,IP,0,1,0,0,0,Bk[;/,BTk[,2,3,2,-1,imrp,0,-1,1,1
turn-fan-TR,1,0.8583,1,2.111216546,0.3403070175,5.025986532,RVN,1,1,0,0,0,BT^(,BT^(,1,2,4,0,imrpthumb,0,1,0,1
racecar-into-box-IN,0,0.225,0,2.035260359,0.2407274436,6.66529286,HO,0,0,0,1,0,B;T,B;/,2,1,1,0,imrpthumb,0,1,1,1
light-candle-TR,1,0.8684,1,2.736140579,0.07106307435,7.080055644,HO,0,1,1,0,0,B[;T- 1T-@;# BT,1<;T;#,3,2,2,0,imrpthumb,1,-1,-1,1
ball-roll-IN,0,0.25,0,2.666148587,0.2104611529,7.772443919,CS,0,0,0,1,1,BT,B^T B^T-,1,1,1,0,imrpthumb,0,1,1,1
spin-bread-TR,1,0.75,1,2.480465949,0.07877380952,7.038364573,CS,1,1,0,0,0,BT^c Bkc;/,,1,3,5,0,imrpthumb,0,1,0,0
plug-in-TR,1,0.7368,1,2.506661812,0.1852172941,6.771961934,CM,0,1,1,0,0,1Tc;#,BT^(,2,2,5,1,ithumb,0,2,1,1
push-button-microwave-TR,1,0.5,0,2.76319961,0.06879072682,6.786369168,NP,0,1,0,0,0,1;T;#,B;/,3,1,1,1,ithumb,0,2,1,1
box-move-IN,0,0.35,0,2.375646548,0.2270334169,6.757246306,IP,1,0,0,1,1,1<;T;#,,3,2,3,1,ithumb,0,2,0,0
remove-cork-TR,1,0.95,1,1.646196099,0.242443609,6.328723299,HO,0,1,0,0,0,BT@,BT^c,1,1,7,0,imrpthumb,0,1,0,1
hit-bottle-with-ball-TR,1,0.675,0,2.315191266,0.1625229741,6.246470578,RVN,0,1,1,0,0,BT^(,,1,2,4,0,imrpthumb,0,1,0,0
bowl-break-IN,0,0.5526,0,2.473207589,0.146652743,7.194836282,CS,0,0,0,0,0,B^T,B^T,1,2,1,0,imrpthumb,0,1,1,1
march-IN,0,0.4625,0,2.60043118,0.1805204678,6.934699351,CS,0,0,0,1,1,B<;/,B;/,2,2,3,-1,imrp,0,-1,1,1
pour-bottle-caps-TR,1,1,1,2.050705726,0.1784301663,6.61327773,CS,1,1,1,0,0,BT^c,BT^c,1,2,5,0,imrpthumb,0,1,0,1
toy-appear-in-box-IN,0,0.3917,0,2.811375957,0.09117862839,7.277525122,HO,0,0,0,1,0,B;/,B;/,2,1,1,-1,imrp,0,-1,1,1
whirly-gig-drop-IN,0,0.075,0,1.695723926,0.4568421053,5.433503871,NP,0,0,0,1,1,B^T- BTk,,1,3,1,0,imrpthumb,0,-1,-1,0
book-fall-over-IN,0,0.25,0,1.51237718,0.3782781955,4.732586813,RVN,1,0,0,1,0,B^T-,,1,2,1,0,imrpthumb,0,-1,-1,0
cards-scatter-IN,0,0.275,0,2.648438335,0.09072472849,7.613717831,CS,0,0,0,1,1,B;/,,2,1,1,-1,imrp,0,-1,1,0
hanger-swing-IN,0,0.275,0,1.879896132,0.2942105263,6.599986251,NP,0,0,0,1,1,JT-;#,B;#,2,1,1,1,pthumb,0,0,-1,1
approach-coatrack-IN,0,0.05,0,2.196051697,0.2963596491,6.31132706,CS,0,0,0,1,0,1To;/,,2,2,6,-1,ithumb,0,0,1,0
stick-break-IN,0,0.3,0,2.296332349,0.1982894737,5.896668965,CM,1,0,0,0,0,BT( BTk,B;/,1,3,4,0,imrpthumb,0,1,0,1
pull-out-measuring-tape-TR,1,1,1,1.542538675,0.3410463659,4.860733322,NP,0,1,0,0,0,1T>;#,BT@,2,2,6,1,ithumb,0,2,1,1
ball-drop-IN,0,0.2105,0,2.459559536,0.04803118908,6.330912517,RVN,1,0,0,1,0,BT@ B^T-,,1,1,7,0,imrpthumb,1,1,0,0
ball-drop-IN,0,0.175,0,2.592787427,0.1481140351,6.915833135,CS,1,0,0,1,0,BT@ BT^(,,1,1,7,0,imrpthumb,0,1,0,0
cut-bread-TR,1,1,1,1.559158112,0.3824561404,4.864421411,HO,0,1,1,0,0,1[;T;#,BTkc,3,2,2,1,ithumb,0,2,1,1
push-button-microwave-TR,1,0.7,1,2.309632531,0.1790156642,7.282615589,RVN,0,1,0,0,0,1;#,B^T-,2,1,1,1,i,0,1,1,1
shake-shaker-TR,1,1,1,1.542442976,0.3312092732,4.883457531,CM,0,1,0,0,0,BTc,BT^c,1,2,5,0,imrpthumb,0,1,0,1
box-move-IN,0,0.975,1,1.271899084,0.4760526316,3.84492673,HO,1,0,0,1,1,8T(;/,8T(;/,2,2,4,-1,mthumb,0,0,1,1
balloon-deflate-IN,0,0.3,0,2.372350288,0.1925075188,7.05241719,RVN,0,0,0,0,0,B^T- BT^<,B^T- BT^<,1,2,1,0,imrpthumb,0,-1,-1,1
toy-crawl-IN,0,0.4667,0,1.833416784,0.280839599,7.301174781,IP,0,0,0,1,1,1<;#,,2,2,3,1,i,0,1,1,0
push-toy-in-box-TR,1,0.9,1,1.369039178,0.1259827453,4.798536095,CS,0,1,0,0,0,BT-k,BT-k,1,3,1,0,imrpthumb,0,-1,-1,1
turn-fan-TR,1,1,1,2.081996496,0.2759360902,6.105151506,CM,1,1,0,0,0,B^T-,B^T-,1,2,1,0,imrpthumb,0,-1,-1,1
shake-shaker-TR,1,1,1,0.6189407439,0.6286549708,2.465497775,NP,0,1,0,0,0,B^[;#,BT-k[,2,2,2,1,imrp,0,1,1,1
light-turn-on-IN,0,0.3667,0,2.903400758,0.06399122807,7.17357563,RVN,0,0,0,0,0,BT@ B^T,BT@,1,1,7,0,imrpthumb,1,1,0,1
tower-fall-IN,0,0.55,0,2.361208197,0.1217865497,5.547397611,HO,1,0,0,0,0,BTc BT(,BTc BT(,1,2,5,0,imrpthumb,0,1,0,1
taughten-string-TR,1,1,1,1.599991795,0.1670701754,4.941587064,NP,0,1,0,0,0,BT@,BT@,1,1,7,0,imrpthumb,0,1,0,1
crush-can-TR,1,0.85,1,2.510007618,0.2104208438,7.701086712,HO,0,1,0,0,0,BT^c B^T,BT^c B^T,1,2,5,0,imrpthumb,1,1,0,1
ball-hit-waterbottle-TR,1,0.5351,0,2.342554436,0.06545808967,6.527834023,IP,0,0,0,1,0,1T-;#,BTkc,2,1,1,1,ithumb,0,0,-1,1
tear-paper-TR,1,0.9,1,1.926433028,0.2887255639,6.709609316,CM,0,1,0,0,0,1@;T-;#,1@;T-;#,3,1,7,1,ithumb,0,0,1,1
put-book-on-side-TR,1,0.6958,1,2.846720212,0.07503508772,6.209872952,CM,1,1,0,0,0,B;#,B^T-,2,1,1,1,imrp,0,1,1,1
box-move-IN,0,0.5263,0,1.940124333,0.2882846004,6.011123346,NP,1,0,0,1,1,1T(;#,1T(;#,2,2,4,1,ithumb,0,2,1,1
crush-can-TR,1,0.9,1,2.532140934,0.1566165414,7.700979746,NP,0,1,0,0,0,Bo;T- B^T- BT-k[,BTc B^T- BT^[,2,3,6,0,imrpthumb,1,-1,-1,1
drop-ball-TR,1,0.5417,0,1.773739073,0.08907894737,5.6559618,IP,1,1,0,0,0,BTkc B^T- B;/,,1,4,5,0,imrpthumb,1,1,0,0
paper-airplane-land-IN,0,0.025,0,2.120326197,0.2771491228,7.162644977,NP,0,0,0,1,0,JT-;#,B;/,2,1,1,1,pthumb,0,0,-1,1
shake-shaker-TR,1,1,1,0.9811063372,0.5673245614,3.156109033,HO,0,1,0,0,0,BTkc,B^T,1,3,5,0,imrpthumb,0,1,0,1
shaving-cream-spray-IN,0,0.8421,1,2.378620199,0.132390699,7.446272831,NP,1,0,0,1,1,UT;# BTk BTx BT-^c,B;/,3,2,1,1,imthumb,1,2,1,1
spin-bread-TR,1,0.7583,1,1.816725185,0.3328947368,5.644680611,CM,1,1,0,0,0,B^T- Bkc;/,1T-;#,1,3,1,0,imrpthumb,1,-1,-1,1
toy-crawl-IN,0,0.075,0,1.687747836,0.3195614035,5.848460267,HO,0,0,0,1,1,B^T,B;/,1,2,1,0,imrpthumb,0,1,1,1
stick-break-IN,0,0.1,0,1.87783824,0.2565350877,5.429527822,HO,1,0,0,0,0,B^T-,BT^c,1,2,1,0,imrpthumb,0,-1,-1,1
adjust-picture-TR,1,0.75,1,2.466577144,0.1133659148,7.020712126,RVN,1,1,0,0,0,B^T-,B^T-,1,2,1,0,imrpthumb,0,-1,-1,1
whirly-gig-drop-IN,0,0.0526,0,2.293412589,0.2062559176,6.974265217,CM,0,0,0,1,1,1T-;#,,2,1,1,1,ithumb,0,0,-1,0
cut-bread-TR,1,0.95,1,1.73398357,0.3604072682,6.058704303,RVN,0,1,1,0,0,1[;To;#,B^T- Bc;/,3,2,2,1,ithumb,0,2,1,1
toy-crawl-IN,0,0.05,0,2.508825821,0.1944561404,7.141822883,RVN,0,0,0,1,1,BT^c,,1,2,5,0,imrpthumb,0,1,0,0
take-lid-off-TR,1,1,1,1.785545253,0.2493157895,6.418565475,RVN,0,1,0,0,0,BT^c BT> 1To;/,Bc;#,2,2,5,0,imrpthumb,0,1,0,1
close-microwave-door-TR,1,0.85,1,2.016153717,0.2038548644,6.160444164,CM,1,1,0,0,0,B;/,,2,1,1,-1,imrp,0,-1,1,0
crush-can-TR,1,1,1,2.268535092,0.2050075188,8.010073185,RVN,0,1,0,0,0,BT^( B^T-,BT^( B^T-,1,2,4,0,imrpthumb,0,1,0,1
roll-out-TR,1,1,1,2.385428641,0.152744266,7.447334375,RVN,0,1,0,0,0,B^T-,B^T-,1,2,1,0,imrpthumb,0,-1,-1,1
take-lid-off-TR,1,0.9083,1,1.919496141,0.1413684211,6.390955655,CS,0,1,0,0,0,BT-kc,BT^c,1,3,5,0,imrpthumb,0,-1,-1,1
approach-coatrack-IN,0,0.7,1,2.516315127,0.1597719298,5.722477285,IP,0,0,0,1,0,UT(;#,Bc;/,2,2,4,1,imthumb,0,2,1,1
push-toy-in-box-TR,1,0.7778,1,2.229051242,0.2258002763,6.663319362,CM,0,1,0,0,0,B;/,,2,1,1,-1,imrp,0,-1,1,0
measure-book-TR,1,0.95,1,2.582995028,0.09188283208,7.129083666,NP,0,1,1,0,0,1@;T-;#,BT@,3,1,7,1,ithumb,0,0,1,1
put-cup-on-coaster-TR,1,0.925,1,2.636391439,0.1537452723,6.113179399,CS,0,1,0,0,0,B@;T,,2,1,7,0,imrpthumb,0,1,0,0
approach-coatrack-IN,0,0.875,1,1.592473284,0.3366188198,4.373136799,RVN,0,0,0,1,0,B^T-,,1,2,1,0,imrpthumb,0,-1,-1,0
walk-backwards-IN,0,0.15,0,2.15516335,0.2413258145,5.572070137,HO,0,0,0,1,1,B^T-,B^T-,1,2,1,0,imrpthumb,0,-1,-1,1
paper-airplane-land-IN,0,0.075,0,2.520866909,0.1740350877,7.173094561,CM,0,0,0,1,0,B^T-,,1,2,1,0,imrpthumb,0,-1,-1,0
move-box-TR,1,0.95,1,0.8387278529,0.6715789474,2.686608048,CS,1,1,0,0,0,B^T-,B^T-,1,2,1,0,imrpthumb,0,-1,-1,1
cards-scatter-IN,0,0.375,0,3.031514648,0.04343734336,7.667882251,IP,0,0,0,1,1,UT;#,B;/,2,1,1,1,imthumb,0,2,1,1
ball-hit-waterbottle-TR,1,0.6917,1,2.104776278,0.202245614,6.59212319,CM,0,0,0,1,0,Bo;/ B^T,Bo;/ B^T,2,2,6,-1,imrp,1,-1,1,1
person-bend-over-IN,0,0.275,0,2.17111553,0.1956023392,6.86287035,IP,0,0,0,0,0,B;/,B;/,2,1,1,-1,imrp,0,-1,1,1
light-turn-on-IN,0,0.386,0,2.844305327,0.07434628237,6.473161478,CM,0,0,0,0,0,BT-@ B^T-,,1,1,7,0,imrpthumb,1,-1,1,0
light-candle-TR,1,0.9233,1,2.494565067,0.1604210526,7.033233808,NP,0,1,1,0,0,B@;T- BT-k@,BTx,2,2,7,0,imrpthumb,0,-1,1,1
walk-backwards-IN,0,0.225,0,2.500138026,0.2537192982,6.87776373,CS,0,0,0,1,1,B^T-,,1,2,1,0,imrpthumb,0,-1,-1,0
pop-balloon-TR,1,0.8,1,2.227147118,0.1686528822,6.864564901,NP,0,1,1,0,0,UT>;# BT@ B^T-,BTkc BT@ B^T-,3,2,6,1,imthumb,1,2,1,1
person-bend-over-IN,0,0.3,0,2.254917598,0.1876578947,6.705125707,CS,0,0,0,0,0,B;/,B;/,2,1,1,-1,imrp,0,-1,1,1
dip-finger-in-jar-TR,1,0.8667,1,2.593031205,0.1096077694,7.452871707,RVN,0,1,0,0,0,J;#,Bc;#,2,1,1,1,p,0,1,1,1
hanger-swing-IN,0,0.2,0,2.415052122,0.2829415205,6.84065732,CM,0,0,0,1,1,BT-^c,,1,2,5,0,imrpthumb,0,-1,-1,0
fan-turn-IN,0,0.675,0,2.598799444,0.0816523126,6.548397543,IP,1,0,0,1,0,U<;#,,2,2,3,1,im,0,1,1,0
tape-measurer-bend-half-IN,0,0.0167,0,2.284167449,0.2501741855,7.300086816,NP,0,0,0,0,0,BT,BT@,1,1,1,0,imrpthumb,0,1,1,1
toy-skitter-IN,0,0.3333,0,2.871649625,0.1165200501,7.966930499,CS,0,0,0,1,1,B^T BT^x,,1,3,1,0,imrpthumb,0,1,1,0
march-IN,0,0.325,0,2.623521756,0.1895781499,7.523259776,CM,0,0,0,1,1,B;/,B;/,2,1,1,-1,imrp,0,-1,1,1
toy-appear-in-box-IN,0,0.25,0,2.941616953,0.08806140351,7.222493257,CM,0,0,0,1,0,BTo B^T-,B^T-,1,2,6,0,imrpthumb,1,1,0,1
racecar-into-box-IN,0,0.4667,0,2.841460038,0.09956015038,6.727339562,IP,0,0,0,1,0,U;#,,2,1,1,1,im,0,1,1,0
person-bend-over-IN,0,0.3,0,2.106913074,0.2442401838,6.2852086,NP,0,0,0,0,0,B;/,BTc,2,1,1,-1,imrp,0,-1,1,1
take-lid-off-TR,1,0.95,1,1.756603815,0.2334824561,5.622221334,NP,0,1,0,0,0,U^<;#,B;/,2,2,3,1,im,0,1,1,1
hanger-swing-IN,0,0.65,0,2.563151406,0.133377193,7.164103647,HO,0,0,0,1,1,1[;#,,2,2,2,1,i,0,1,1,0
break-stick-TR,1,1,1,1.082534886,0.4157105263,4.519583776,CM,1,1,0,0,0,BT^( BT@,BT^( BT@,1,2,4,0,imrpthumb,0,1,0,1
door-microwave-close-IN,0,0.6447,0,2.224506218,0.01310916179,6.354009012,IP,1,0,0,1,0,B;/,B;/,2,1,1,-1,imrp,0,-1,1,1
bowl-break-IN,0,0.325,0,1.583478342,0.3179649123,5.564390314,CM,0,0,0,0,0,BT^(,BT^(,1,2,4,0,imrpthumb,0,1,0,1
hit-bottle-with-ball-TR,1,0.7807,1,2.422947928,0.0943079922,6.718955446,NP,0,1,1,0,0,B^[;/,B@;/,2,2,2,-1,imrp,0,-1,1,1
book-fall-over-IN,0,0.225,0,1.063439589,0.4742105263,3.371810794,IP,1,0,0,1,0,BT-,,1,1,1,0,imrpthumb,0,-1,-1,0
put-cup-on-coaster-TR,1,1,1,2.672351698,0.165497076,6.393549947,NP,0,1,0,0,0,1@;T-;#,BT-,3,1,7,1,ithumb,0,0,1,1
march-IN,0,0,0,0.9320738874,0.6325536062,2.871262682,IP,0,0,0,1,1,U<;# U^[;#,,2,2,3,1,im,0,1,1,0
ball-hit-waterbottle-TR,1,0.6842,0,2.39233804,0.02662559176,6.301428323,HO,0,0,0,1,0,BT^c B^T,Bkc;/,1,2,5,0,imrpthumb,1,1,0,1
door-microwave-close-IN,0,0.45,0,2.414283568,0.1475701754,6.685652347,CM,1,0,0,1,0,B;/,Bc;,2,1,1,-1,imrp,0,-1,1,1
fizzle-down-IN,0,0.05,0,2.692310994,0.1191143009,7.77211953,NP,0,0,0,1,1,BTx,Bc;/,1,3,1,0,imrpthumb,0,1,1,1
poster-roll-up-IN,0,0.225,0,2.486735734,0.1915964912,7.265133657,RVN,0,0,0,1,1,B^T- 1;#,B^T- 1;#,2,2,1,0,imrpthumb,0,-1,-1,1
push-toy-in-box-TR,1,0.875,1,2.871649625,0.1424661493,7.24641468,HO,0,1,0,0,0,B^T-,B;/,1,2,1,0,imrpthumb,0,-1,-1,1
fan-turn-IN,0,0.55,0,2.636391439,0.0881716792,7.674626054,NP,1,0,0,1,0,1;#,BT(,2,1,1,1,i,0,1,1,1
drop-ball-TR,1,0.5263,0,1.791759469,0.2144152047,5.303055155,HO,1,1,0,0,0,BT@ B^T-,B^T-,1,1,7,0,imrpthumb,1,1,0,1
car-pass-tower-IN,0,0.1053,0,2.106719567,0.411539961,6.376270894,CS,0,0,0,1,0,B;/,,2,1,1,-1,imrp,0,-1,1,0
measure-book-TR,1,1,1,2.460908653,0.1362555047,6.484991217,RVN,0,1,1,0,0,1Tc;# 1@;T-;#,1Tc;# 1@;T-;#,2,2,5,1,ithumb,0,2,1,1
tower-fall-IN,0,0.4917,0,2.028054467,0.2339912281,6.511769534,IP,1,0,0,0,0,BTo B^T-,,1,2,6,0,imrpthumb,1,1,0,0
fizzle-down-IN,0,0.45,0,1.817940427,0.2525,6.902180967,RVN,0,0,0,1,1,BTk,B^T-,1,3,1,0,imrpthumb,0,1,1,1
poster-roll-up-IN,0,0.125,0,2.684656542,0.1252380952,7.216039537,CS,0,0,0,1,1,B^T-,,1,2,1,0,imrpthumb,0,-1,-1,0
balloon-deflate-IN,0,0.5583,0,2.976138801,0.05090517962,7.224765479,HO,0,0,0,0,0,8T(;/ B^T-,8T(;/ B^T-,3,2,4,-1,mthumb,0,0,1,1
poster-roll-up-IN,0,0.3167,0,2.445948228,0.03409273183,6.685677063,IP,0,0,0,1,1,1;T-;#,B^T-,3,1,1,1,ithumb,0,0,-1,1
coatrack-approach-IN,0,0.4,0,2.371899811,0.202141604,5.997905726,HO,0,0,0,1,0,B;/,,2,1,1,-1,imrp,0,-1,1,0
adjust-picture-TR,1,0.9,1,1.372765531,0.3207017544,4.861167827,CM,1,1,0,0,0,B@;/,B@;/,2,1,7,-1,imrp,0,-1,1,1
remove-cork-TR,1,1,1,2.134255323,0.1212067669,6.557224428,NP,0,1,0,0,0,BT^c Bk@;/,BT^(,1,3,5,0,imrpthumb,0,1,0,1
lid-blow-off-IN,0,0.625,0,2.95303753,0.03168671679,7.327209503,RVN,0,0,0,1,1,B^T-,BT^c,1,2,1,0,imrpthumb,0,-1,-1,1
hammer-nail-TR,1,0.925,1,0.9811063372,0.6645,3.570693715,RVN,0,1,1,0,0,1[;To;#,1T>;/,3,2,2,1,ithumb,0,2,1,1
toy-skitter-IN,0,0.525,0,2.284167449,0.143575188,7.77285708,CM,0,0,0,1,1,B^T- B^T,,1,2,1,0,imrpthumb,0,-1,-1,0
light-turn-on-IN,0,0.725,1,2.525535307,0.1233082707,6.767701287,CS,0,0,0,0,0,B^T- B^;#,Bc;/,1,2,1,0,imrpthumb,0,-1,-1,1
drop-ball-TR,1,0.5833,0,2.009709182,0.06887740184,5.740169003,NP,1,1,0,0,0,BT@ B^T- B@;/,B;/,1,1,7,0,imrpthumb,1,1,0,1
ball-drop-IN,0,0.175,0,2.574072609,0.07868170426,6.970097364,NP,1,0,0,1,0,BT@ B^T-,B;/,1,1,7,0,imrpthumb,1,1,0,1
reorient-pole-TR,1,0.8095,1,2.715188263,0.119446712,6.62370141,CS,0,1,0,0,0,BT-^[ BT^c,BT^c,1,2,2,0,imrpthumb,0,-1,-1,1
walk-backwards-IN,0,0,0,0.1985152433,0.9333333333,0.6645115852,CM,0,0,0,1,1,UT-^<;#,,2,2,3,1,imthumb,0,0,-1,0
toy-skitter-IN,0,0.55,0,2.733401778,0.09542105263,7.328897619,IP,0,0,0,1,1,BT^c,,1,2,5,0,imrpthumb,0,1,0,0
push-toy-in-box-TR,1,0.2281,0,2.738169943,0.02766259082,6.527514467,NP,0,1,0,0,0,U^[;# B@;/ BT-<,B;/,3,2,2,1,im,1,1,1,1
coatrack-approach-IN,0,0.15,0,1.672625446,0.4951783626,4.764727991,NP,0,0,0,1,0,B;/,,2,1,1,-1,imrp,0,-1,1,0
crush-can-TR,1,0.9333,1,2.51159468,0.1009924812,7.838233751,IP,0,1,0,0,0,BT-^c,Bo;T-,1,2,5,0,imrpthumb,0,-1,-1,1
drop-ball-TR,1,0.4375,0,2.447329531,0.09724561404,6.665058941,RVN,1,1,0,0,0,BT@ B^T-,B@;/ B^T-,1,1,7,0,imrpthumb,1,1,0,1
adjust-picture-TR,1,0.9333,1,2.608550235,0.1014035088,7.005848007,NP,1,1,0,0,0,BT-@,BT@,1,1,7,0,imrpthumb,0,-1,1,1
fan-turn-IN,0,0.3,0,2.254917598,0.1844385965,6.370637515,RVN,1,0,0,1,0,B^T-,,1,2,1,0,imrpthumb,0,-1,-1,0
toy-crawl-IN,0,0.0526,0,1.661705934,0.3746783626,6.263961694,CS,0,0,0,1,1,B^T,,1,2,1,0,imrpthumb,0,1,1,0
bread-spin-IN,0,0.5,0,1.467631168,0.4328684211,5.28747807,CM,1,0,0,1,1,1T-<;#,,2,2,3,1,ithumb,0,0,-1,0
tear-paper-TR,1,0.8,1,1.554432827,0.3354210526,5.872619631,CS,0,1,0,0,0,UT@;#,UT@;#,2,1,7,1,imthumb,0,2,1,1
reorient-pole-TR,1,0.825,1,2.578074865,0.08705263158,5.685918821,HO,0,1,0,0,0,BT^c,BT^c,1,2,5,0,imrpthumb,0,1,0,1
poster-roll-up-IN,0,0.45,0,2.535025162,0.1177418546,7.203501677,CM,0,0,0,1,1,B;/ 1;T;#,B^T-,3,1,1,-1,imrp,0,-1,1,1
car-pass-tower-IN,0,0.1316,0,2.086673901,0.3564327485,6.218892227,CM,0,0,0,1,0,B^T BT-c,B^T BT-c,1,2,1,0,imrpthumb,1,1,1,1
hanger-swing-IN,0,0.2941,0,2.69801102,0.07447410637,8.145490395,CS,0,0,0,1,1,BT-^c,,1,2,5,0,imrpthumb,0,-1,-1,0
taughten-string-TR,1,1,1,2.55394294,0.146387218,7.008126867,RVN,0,1,0,0,0,BT@,BT@,1,1,7,0,imrpthumb,0,1,0,1
knock-over-tower-TR,1,0.4583,0,2.511630344,0.1015444862,6.428480439,HO,1,1,0,0,0,B^;T-,BT- B^T;T-,2,2,1,0,imrpthumb,0,-1,-1,1
take-lid-off-TR,1,0.875,1,1.656937502,0.2487894737,6.099425096,CM,0,1,0,0,0,B^c;/,BT^(,2,2,5,-1,imrp,0,-1,1,1
balloon-deflate-IN,0,0.4211,0,2.372486887,0.227997076,6.789068727,IP,0,0,0,0,0,B^T- B^T,BT(,1,2,1,0,imrpthumb,0,-1,-1,1
move-box-TR,1,0.85,1,1.58582806,0.5205350877,4.598323331,HO,1,1,0,0,0,8T(;/,8T(;/,2,2,4,-1,mthumb,0,0,1,1
ball-roll-IN,0,0.15,0,1.778747513,0.4274385965,5.800434972,IP,0,0,0,1,1,1;#,,2,1,1,1,i,0,1,1,0
whirly-gig-drop-IN,0,0.05,0,2.425479705,0.1917368421,7.055695457,RVN,0,0,0,1,1,1;#,1;#,2,1,1,1,i,0,1,1,1
roll-out-TR,1,0.825,1,2.552734438,0.131160401,7.751974935,NP,0,1,0,0,0,BT- Bc;/,BT- BT-c,1,1,1,0,imrpthumb,1,-1,-1,1
shake-shaker-TR,1,0.9833,1,0.8734641445,0.6364912281,2.903572601,RVN,0,1,0,0,0,Bkc;/,Bkc;/,2,3,5,-1,imrp,0,-1,1,1
lid-blow-off-IN,0,0.175,0,2.920687027,0.1210087719,7.571014684,NP,0,0,0,1,1,B;/,BTc,2,1,1,-1,imrp,0,-1,1,1
hammer-nail-TR,1,1,1,0.9836002995,0.5901184211,4.103305159,NP,0,1,1,0,0,1@;T-;#,1<;#,3,1,7,1,ithumb,0,0,1,1
whirly-gig-drop-IN,0,0.6333,0,2.691724412,0.1144302423,7.264472691,HO,0,0,0,1,1,BTk B^T BT-,B^T BT-,1,4,1,0,imrpthumb,0,1,1,1
plug-in-TR,1,1,1,2.35072997,0.1867986633,6.992287039,HO,0,1,1,0,0,1[;To;#,BT^c,3,2,2,1,ithumb,0,2,1,1
push-button-microwave-TR,1,0.85,1,2.345737404,0.1761416989,7.337924445,CM,0,1,0,0,0,1;#,B^T-,2,1,1,1,i,0,1,1,1
ball-bounce-IN,0,0.3167,0,1.596283457,0.04105263158,4.73506268,IP,1,0,0,1,1,BT^(,,1,2,4,0,imrpthumb,0,1,0,0
remove-cork-TR,1,0.95,1,2.359713755,0.1342781955,6.675658869,RVN,0,1,0,0,0,BT^c BT@,BT^(,1,2,5,0,imrpthumb,0,1,0,1
roll-out-TR,1,0.85,1,2.466577144,0.1554799499,7.218421484,CM,0,1,0,0,0,B;/,B;/,2,1,1,-1,imrp,0,-1,1,1
hit-balloon-TR,1,0.975,1,2.094160066,0.3070877193,6.183359098,IP,0,1,0,0,0,B^T-,BT@ BTkc,1,2,1,0,imrpthumb,0,-1,-1,1
fan-turn-IN,0,0.3167,0,1.98008112,0.3124619883,6.039287255,CS,1,0,0,1,0,B;/,,2,1,1,-1,imrp,0,-1,1,0
person-bend-over-IN,0,0.0667,0,2.044412866,0.3823796992,5.792015051,CM,0,0,0,0,0,B;/,,2,1,1,-1,imrp,0,-1,1,0
racecar-into-box-IN,0,0.35,0,2.160129811,0.1705726817,7.003197218,RVN,0,0,0,1,0,BT-c,B;/,1,2,5,0,imrpthumb,0,-1,-1,1
ball-hit-waterbottle-TR,1,0.5,0,2.031759219,0.157547619,6.814226246,CS,0,0,0,1,0,BTo B^T,Bo;/ BT-^c,1,2,6,0,imrpthumb,1,1,0,1
pour-bottle-caps-TR,1,1,1,2.024703447,0.1807631579,6.641203244,IP,1,1,1,0,0,BTc,,1,2,5,0,imrpthumb,0,1,0,0
push-toy-in-box-TR,1,0.7,1,2.467602582,0.1384010025,6.79117933,IP,0,1,0,0,0,B^T-,B^T- B^[;/,1,2,1,0,imrpthumb,0,-1,-1,1
shaving-cream-spray-IN,0,0.225,0,2.672351698,0.07843050809,7.76019908,CS,1,0,0,1,1,1<;T-;# 1T[;# B^T B^T-,B^T,4,2,3,1,ithumb,0,0,-1,1
close-microwave-door-TR,1,0.9667,1,2.143555809,0.1339553429,5.774051255,NP,1,1,0,0,0,B;/,B;/,2,1,1,-1,imrp,0,-1,1,1
whirly-gig-drop-IN,0,0.075,0,1.656454022,0.4433596491,5.47271602,CS,0,0,0,1,1,B^T BT^x,B^T-,1,3,1,0,imrpthumb,0,1,1,1
move-box-TR,1,0.85,1,0.9261557131,0.7421052632,3.652816554,RVN,1,1,0,0,0,B^T,B^T,1,2,1,0,imrpthumb,0,1,1,1
close-microwave-door-TR,1,0.625,0,2.263923113,0.2380885547,6.913451219,HO,1,1,0,0,0,B;/,B^T-,2,1,1,-1,imrp,0,-1,1,1
pour-bottle-caps-TR,1,0.95,1,2.040628112,0.1322368421,6.398086522,RVN,1,1,1,0,0,BTkc B^T,B^T,1,4,5,0,imrpthumb,1,1,0,1
toy-appear-in-box-IN,0,0.45,0,2.865235252,0.0460877193,7.205472077,RVN,0,0,0,1,0,1T@;#,B^T-,2,1,7,1,ithumb,0,2,1,1
bread-spin-IN,0,0.7,1,2.560799541,0.04514786967,7.003323113,IP,1,0,0,1,1,BT^c 1T-;#,BT^c,2,2,5,0,imrpthumb,1,1,0,1
drop-ball-TR,1,0.65,0,2.669880409,0.04119005848,7.21717772,CS,1,1,0,0,0,BT@ B^T,,1,1,7,0,imrpthumb,1,1,0,0
cards-scatter-IN,0,0.1,0,2.363700734,0.1736441103,6.75258403,RVN,0,0,0,1,1,B^T-,B^T-,1,2,1,0,imrpthumb,0,-1,-1,1
plug-in-TR,1,0.5833,0,2.897932597,0.04990208476,7.440357035,RVN,0,1,1,0,0,U^;#,UT-^;#,2,2,1,1,im,0,1,1,1
book-fall-over-IN,0,0.9,1,1.958172778,0.2587719298,6.197520831,NP,1,0,0,1,0,BTc,,1,2,5,0,imrpthumb,0,1,0,0
put-book-on-side-TR,1,0.95,1,2.809783478,0.1418684211,6.950754129,IP,1,1,0,0,0,BTo,,1,2,6,0,imrpthumb,0,1,0,0
stick-break-IN,0,0.25,0,2.19784367,0.192731203,6.82381129,RVN,1,0,0,0,0,B^T-,B^T-,1,2,1,0,imrpthumb,0,-1,-1,1
paper-drop-IN,0,0.0263,0,1.615220971,0.4220272904,5.672918885,RVN,0,0,0,1,1,B^T-,,1,2,1,0,imrpthumb,0,-1,-1,0
hammer-nail-TR,1,0.95,1,1.146463176,0.5910338346,4.150457908,HO,0,1,1,0,0,1@;T-;#,1<;T;#,3,1,7,1,ithumb,0,0,1,1
turn-fan-TR,1,0.8917,1,2.798820734,0.04262149692,6.491094247,IP,1,1,0,0,0,BT-^c,BTkc,1,2,5,0,imrpthumb,0,-1,-1,1
push-button-microwave-TR,1,1,1,2.111590479,0.1627305764,6.673658818,HO,0,1,0,0,0,1T-;#,B^T-,2,1,1,1,ithumb,0,0,-1,1
picture-shift-IN,0,0.7,1,2.60238078,0.11814168,6.779990373,HO,1,0,0,1,0,Bc;/,BT(,2,2,5,-1,imrp,0,-1,1,1
cut-bread-TR,1,1,1,1.664997917,0.4359185464,5.503640891,CM,0,1,1,0,0,1[;T;#,B^T-,3,2,2,1,ithumb,0,2,1,1
car-pass-tower-IN,0,0.125,0,2.601568303,0.1869987469,7.141872468,NP,0,0,0,1,0,BT> B^T-,BTc,1,2,6,0,imrpthumb,1,1,0,1
take-keys-out-of-box-TR,1,0.95,1,1.803298288,0.3324122807,5.49971963,HO,0,1,0,0,0,1T>;#,BT-^c,2,2,6,1,ithumb,0,2,1,1
adjust-picture-TR,1,0.9,1,2.087085295,0.1557431078,6.606519442,IP,1,1,0,0,0,Bk@;/,Bk@;/,2,3,7,-1,imrp,0,-1,1,1
spray-shaving-cream-TR,1,0.5,0,2.351936534,0.1401654135,7.213862758,CS,1,1,1,0,0,1T[;#,B^T-,2,2,2,1,ithumb,0,2,1,1
ball-roll-IN,0,0.15,0,2.066151093,0.3428333333,6.262567648,CM,0,0,0,1,1,1;T;#,,3,1,1,1,ithumb,0,2,1,0
pop-balloon-TR,1,0.675,0,2.564307595,0.1218437002,7.348164956,IP,0,1,1,0,0,1To;#,1@;T-;#,2,2,6,1,ithumb,0,2,1,1
knock-over-tower-TR,1,0.9167,1,1.558561764,0.3562651727,4.675556928,NP,1,1,0,0,0,B;# BT-^<,JT-;# B^;T-,2,1,1,1,imrp,0,1,1,1
ball-bounce-IN,0,0.4,0,2.427144385,0.152510177,6.528597391,CM,1,0,0,1,1,1;#,,2,1,1,1,i,0,1,1,0
spin-bread-TR,1,0.7982,1,2.152290619,0.09783625731,6.69236055,IP,1,1,0,0,0,U;#,BT^( Bkc;/,2,1,1,1,im,0,1,1,1
shaving-cream-spray-IN,0,0.7794,1,2.834125877,0.1058823529,7.741164604,CM,1,0,0,1,1,BT^c 1To;/,BT^c,2,2,5,0,imrpthumb,0,1,0,1
door-microwave-close-IN,0,0.9474,1,2.362439689,0.102966908,7.54661123,NP,1,0,0,1,0,B:/,B:/,1,1,1,-1,imrp,0,-1,0,1
book-fall-over-IN,0,0.3,0,0.9261557131,0.5756140351,3.233302902,CM,1,0,0,1,0,B;/,,2,1,1,-1,imrp,0,-1,1,0
hanger-swing-IN,0,0.5263,0,2.473207589,0.1880116959,7.063546369,RVN,0,0,0,1,1,1T(;#,1T(;#,2,2,4,1,ithumb,0,2,1,1
remove-cork-TR,1,0.95,1,2.719390922,0.04912865497,6.690656754,CS,0,1,0,0,0,BT^c,BT^(,1,2,5,0,imrpthumb,0,1,0,1
knock-over-tower-TR,1,0.95,1,1.4493638,0.5460964912,4.647923643,CM,1,1,0,0,0,BT-c BT^<,B^T- Bk@;/,1,2,5,0,imrpthumb,0,-1,-1,1
door-microwave-close-IN,0,0.5167,0,2.397936544,0.107131465,6.658998438,HO,1,0,0,1,0,B;/,B;/,2,1,1,-1,imrp,0,-1,1,1
spray-shaving-cream-TR,1,0.8947,1,1.659080699,0.2916179337,6.642477753,CM,1,1,1,0,0,1[;T-;#,1c;T-;#,3,2,2,1,ithumb,0,0,-1,1
reorient-pole-TR,1,0.8583,1,2.738078355,0.1220037594,6.420609914,IP,0,1,0,0,0,BTc,BTc,1,2,5,0,imrpthumb,0,1,0,1
bowl-break-IN,0,0.7667,1,2.959830013,0.04824561404,7.012763426,IP,0,0,0,0,0,BT-^c B^c;/ B^T-,BT^c BT-^c B^T-,1,2,5,0,imrpthumb,1,-1,-1,1
bounce-ball-TR,1,1,1,1.353525271,0.2968421053,6.56973637,CM,1,1,0,0,0,B;/,,2,1,1,-1,imrp,0,-1,1,0
balloon-deflate-IN,0,0.1,0,2.271868513,0.253037594,7.130863528,CS,0,0,0,0,0,B^T- BT^x,B^T- BT^x,1,3,1,0,imrpthumb,0,-1,-1,1
toy-crawl-IN,0,0.0417,0,2.030716831,0.2887368421,6.599592281,CM,0,0,0,1,1,BT^c BT-^c,BT-^c,1,2,5,0,imrpthumb,0,1,0,1
light-turn-on-IN,0,0.4211,0,2.582045486,0.1691482494,6.372077409,HO,0,0,0,0,0,BTo B^T,BT^c,1,2,6,0,imrpthumb,1,1,0,1
spray-shaving-cream-TR,1,0.975,1,1.320508785,0.08421052632,5.510086142,NP,1,1,1,0,0,1[;# BT> B^T,B^T-,3,2,2,1,i,1,1,1,1
dip-finger-in-jar-TR,1,1,1,2.405342379,0.09873809524,6.606158961,CS,0,1,0,0,0,J;T-;#,BT^c,3,1,1,1,pthumb,0,0,-1,1
ball-drop-IN,0,0.1083,0,1.644173078,0.04197368421,5.276618114,CM,1,0,0,1,0,BTk,B;/,1,3,1,0,imrpthumb,0,1,1,1
cards-scatter-IN,0,0.3421,0,2.954673212,0.1071595656,7.594475567,CM,0,0,0,1,1,1;T;#,Bo;T-,3,1,1,1,ithumb,0,2,1,1
paper-airplane-land-IN,0,0.275,0,2.535694688,0.1585463659,6.603033366,IP,0,0,0,1,0,Uc;#,,2,2,5,1,im,0,1,1,0
walk-backwards-IN,0,0,0,0.5875009311,0.8212719298,1.960368581,RVN,0,0,0,1,1,U^c;#,,2,2,5,1,im,0,1,1,0
fizzle-down-IN,0,0.2667,0,2.72840754,0.1084091479,8.165267196,HO,0,0,0,1,1,BTo BT^c,BT^c,1,2,6,0,imrpthumb,0,1,0,1
fan-turn-IN,0,0.3947,0,2.47635402,0.1826608187,6.81597949,HO,1,0,0,1,0,1<;T-;#,B^T-,3,2,3,1,ithumb,0,0,-1,1
toy-skitter-IN,0,0.2,0,2.487257699,0.1659912281,7.354059994,HO,0,0,0,1,1,B^T,B^T-,1,2,1,0,imrpthumb,0,1,1,1
drop-ball-TR,1,0.4,0,1.63107863,0.3640789474,4.585952992,CM,1,1,0,0,0,B@;/,BT-c B;/,2,1,7,-1,imrp,0,-1,1,1
hanger-swing-IN,0,0.7083,1,3.000356566,0.04993176122,7.066667283,IP,0,0,0,1,1,BT-,,1,1,1,0,imrpthumb,0,-1,-1,0
knock-over-tower-TR,1,0.525,0,2.997756703,0.03164912281,7.49008978,IP,1,1,0,0,0,B;/ B^T-,B^T-,2,1,1,-1,imrp,0,-1,1,1
put-book-on-side-TR,1,0.9,1,2.224910346,0.174254386,6.798544841,NP,1,1,0,0,0,BT(,,1,2,4,0,imrpthumb,0,1,0,0
light-candle-TR,1,1,1,0.3676494774,0.8052631579,1.254506413,RVN,0,1,1,0,0,B@;T- BT-k@,1;#,2,2,7,0,imrpthumb,0,-1,1,1
pull-out-measuring-tape-TR,1,0.975,1,1.609612066,0.3995513784,4.950611639,HO,0,1,0,0,0,1[;To;#,BTo,3,2,2,1,ithumb,0,2,1,1
reorient-pole-TR,1,0.775,1,3.044706352,0.03684294069,6.968482294,CM,0,1,0,0,0,B^T BT^c,BT(,1,2,1,0,imrpthumb,1,1,1,1
spray-shaving-cream-TR,1,0.725,1,2.665069073,0.06303780284,7.476313568,IP,1,1,1,0,0,1^[;T;# 1T;# BTo BT^<,Bk@;/,4,2,2,1,ithumb,1,2,1,1
measure-book-TR,1,0.925,1,2.620369896,0.09252506266,6.820261746,IP,0,1,1,0,0,1@;T-;#,1@;T-;#,3,1,7,1,ithumb,0,0,1,1
coatrack-approach-IN,0,0.2,0,2.306436695,0.2190741627,6.007290695,RVN,0,0,0,1,0,B;/,,2,1,1,-1,imrp,0,-1,1,0
hit-balloon-TR,1,0.9333,1,2.359713755,0.2723684211,6.766780856,CM,0,1,0,0,0,B;/,BT@,2,1,1,-1,imrp,0,-1,1,1
picture-shift-IN,0,0.2333,0,2.122057746,0.2997017544,6.61498224,RVN,1,0,0,1,0,1T;#,1T;#,2,1,1,1,ithumb,0,2,1,1
tape-measurer-bend-half-IN,0,0.3125,0,1.963493967,0.3223947368,5.083760859,CS,0,0,0,0,0,BTkc,BT^c,1,3,5,0,imrpthumb,0,1,0,1
pop-balloon-TR,1,0.6417,0,2.540282592,0.08476190476,7.194742559,RVN,0,1,1,0,0,1To;/ B^T-,B@;/ B^T-,3,2,6,-1,ithumb,1,0,1,1
ball-roll-IN,0,0.5958,0,2.244841398,0.0528283208,6.21600223,NP,0,0,0,1,1,B;#,,2,1,1,1,imrp,0,1,1,0
ball-roll-IN,0,0.1583,0,1.786462548,0.2969298246,5.679166163,HO,0,0,0,1,1,1;T;#,B;T,3,1,1,1,ithumb,0,2,1,1
shaving-cream-spray-IN,0,0.4737,0,2.727229735,0.105564606,7.262763633,IP,1,0,0,1,1,1T-;#,,2,1,1,1,ithumb,0,0,-1,0
close-microwave-door-TR,1,0.9,1,2.224411831,0.162338118,6.060513237,RVN,1,1,0,0,0,B;/,,2,1,1,-1,imrp,0,-1,1,0
turn-fan-TR,1,0.9,1,1.607575155,0.4464824561,4.60553115,NP,1,1,0,0,0,Bc;/,B@;T-,2,2,5,-1,imrp,0,-1,1,1
roll-out-TR,1,0.875,1,2.202521075,0.1442293233,7.670387749,CS,0,1,0,0,0,B^T-,B^T-,1,2,1,0,imrpthumb,0,-1,-1,1
knock-over-tower-TR,1,0.5,0,2.582424317,0.1589457735,7.163832247,CS,1,1,0,0,0,B^T-,,1,2,1,0,imrpthumb,0,-1,-1,0
car-pass-tower-IN,0,0.15,0,1.968090131,0.4220964912,6.558156287,RVN,0,0,0,1,0,B;T,,2,1,1,0,imrpthumb,0,1,1,0
coatrack-approach-IN,0,0.4,0,2.180945561,0.3012320574,6.341249729,CM,0,0,0,1,0,B;/,,2,1,1,-1,imrp,0,-1,1,0
poster-roll-up-IN,0,0.2193,0,2.06327817,0.1549707602,6.119544694,NP,0,0,0,1,1,B@;/ B^T- BT-,B@;/,2,1,7,-1,imrp,1,-1,1,1
balloon-deflate-IN,0,0.0526,0,2.694153704,0.09123085492,7.300630922,NP,0,0,0,0,0,BT^( B^T,BT^( B^T,1,2,4,0,imrpthumb,0,1,0,1
lid-blow-off-IN,0,0.625,0,2.578018514,0.0921754386,6.826100154,CS,0,0,0,1,1,BT^c B^T,BT^(,1,2,5,0,imrpthumb,1,1,0,1
cut-bread-TR,1,0.9474,1,1.788653839,0.3625893437,6.240735892,IP,0,1,1,0,0,1[;To;#,,3,2,2,1,ithumb,0,2,1,0
stick-break-IN,0,0.3833,0,1.941785059,0.2837719298,5.513657494,IP,1,0,0,0,0,B^T- B;/,B^T-,1,2,1,0,imrpthumb,0,-1,-1,1
paper-drop-IN,0,0.025,0,1.454218045,0.5236842105,5.362145002,CM,0,0,0,1,1,B^T-,,1,2,1,0,imrpthumb,0,-1,-1,0
walk-backwards-IN,0,0.275,0,2.72835237,0.1911269841,6.661493071,NP,0,0,0,1,1,B^T- B^T,,1,2,1,0,imrpthumb,0,-1,-1,0
whirly-gig-drop-IN,0,0.0833,0,1.206736844,0.5807017544,3.638826979,IP,0,0,0,1,1,B^T,,1,2,1,0,imrpthumb,0,1,1,0
put-book-on-side-TR,1,1,1,1.192334813,0.4906766917,4.488684032,HO,1,1,0,0,0,BT^c,,1,2,5,0,imrpthumb,0,1,0,0
bounce-ball-TR,1,0.6,0,2.194474391,0.1840714096,7.403511828,CS,1,1,0,0,0,B;/,,2,1,1,-1,imrp,0,-1,1,0
march-IN,0,0.375,0,1.460186025,0.3824561404,5.188746372,NP,0,0,0,1,1,UT^[;#,BT@,2,2,2,1,imthumb,0,2,1,1
dip-finger-in-jar-TR,1,1,1,2.310717508,0.1386658312,6.617730405,CM,0,1,0,0,0,JT-;#,Bc;/,2,1,1,1,pthumb,0,0,-1,1
break-stick-TR,1,1,1,1.892811787,0.1829824561,5.594527619,HO,1,1,0,0,0,BT@,BT@,1,1,7,0,imrpthumb,0,1,0,1
door-microwave-close-IN,0,0.325,0,2.721484626,0.06595112782,7.508398476,CS,1,0,0,1,0,B^T-,B^T-,1,2,1,0,imrpthumb,0,-1,-1,1
pull-out-measuring-tape-TR,1,0.95,1,1.211849082,0.4431578947,3.759733458,CS,0,1,0,0,0,BT@,BT^c,1,1,7,0,imrpthumb,0,1,0,1
fizzle-down-IN,0,0.625,0,2.552734438,0.1088070175,7.331486437,CS,0,0,0,1,1,BT^<,BT^c,1,2,3,0,imrpthumb,0,1,0,1
lid-blow-off-IN,0,0.6053,0,2.331548373,0.1074491785,7.022790389,HO,0,0,0,1,1,B;/,BT-c,2,1,1,-1,imrp,0,-1,1,1
tape-measurer-bend-half-IN,0,0.1053,0,1.456696645,0.5468323587,4.423477284,CM,0,0,0,0,0,BT-c,BT-c,1,2,5,0,imrpthumb,0,-1,-1,1
turn-fan-TR,1,0.75,1,2.415407902,0.1235087719,6.01391575,HO,1,1,0,0,0,B^T-,B^T-,1,2,1,0,imrpthumb,0,-1,-1,1
book-fall-over-IN,0,0.25,0,2.04535658,0.2712280702,5.998934609,CS,1,0,0,1,0,B^T,,1,2,1,0,imrpthumb,0,1,1,0
push-button-microwave-TR,1,0.75,1,2.482468357,0.08297953216,5.763072573,IP,0,1,0,0,0,1;#,,2,1,1,1,i,0,1,1,0
reorient-pole-TR,1,0.95,1,2.606663527,0.04052631579,6.132345505,RVN,0,1,0,0,0,B^T,B^T,1,2,1,0,imrpthumb,0,1,1,1
roll-out-TR,1,0.9,1,2.319574997,0.1180716374,7.380699622,IP,0,1,0,0,0,B;/,B;/,2,1,1,-1,imrp,0,-1,1,1
knock-over-tower-TR,1,0.75,1,2.079441542,0.2139122807,6.4090114,RVN,1,1,0,0,0,B^T- BT-,B^T BT-,1,2,1,0,imrpthumb,0,-1,-1,1
paper-drop-IN,0,0.0526,0,1.777135881,0.3943817878,6.168518498,NP,0,0,0,1,1,U;#,,2,1,1,1,im,0,1,1,0
taughten-string-TR,1,0.975,1,2.543556776,0.04945948204,6.948821058,CM,0,1,0,0,0,1@;T-;#,1@;T-;#,3,1,7,1,ithumb,0,0,1,1
close-microwave-door-TR,1,0.9474,1,2.410194209,0.1227923441,6.419959231,CS,1,1,0,0,0,B^T-,BT@,1,2,1,0,imrpthumb,0,-1,-1,1
book-fall-over-IN,0,0.4,0,1.90481271,0.3109824561,5.996187182,HO,1,0,0,1,0,B^T,B^T,1,2,1,0,imrpthumb,0,1,1,1
take-keys-out-of-box-TR,1,0.8333,1,2.436002929,0.07036090226,6.432932132,NP,0,1,0,0,0,BT^c,BTc,1,2,5,0,imrpthumb,0,1,0,1
cut-bread-TR,1,0.95,1,1.463300093,0.454751462,4.866533946,CS,0,1,1,0,0,1[;To;#,BT^c,3,2,2,1,ithumb,0,2,1,1
ball-hit-waterbottle-TR,1,0.6583,0,2.614966304,0.04163868003,6.878167205,RVN,0,0,0,1,0,B;/,B;/,2,1,1,-1,imrp,0,-1,1,1
hit-bottle-with-ball-TR,1,0.7778,1,2.668078702,0.1098420479,6.774767137,CS,0,1,1,0,0,BT@,,1,1,7,0,imrpthumb,0,1,0,0
put-book-on-side-TR,1,0.9,1,2.447477654,0.1895446366,6.434610901,RVN,1,1,0,0,0,B^;#,B^T-,2,2,1,1,imrp,0,1,1,1
ball-roll-IN,0,0.05,0,1.766068057,0.3588684211,5.548146425,RVN,0,0,0,1,1,1<;T;#,1<;T;#,3,2,3,1,ithumb,0,2,0,1
light-candle-TR,1,0.8413,1,2.219450012,0.140952381,6.641377725,CS,0,1,1,0,0,B@;T- BT-@,BT^c B^T-,2,1,7,0,imrpthumb,0,-1,1,1
put-cup-on-coaster-TR,1,0.9474,1,2.626164786,0.2490575977,7.160623716,RVN,0,1,0,0,0,BT@,,1,1,7,0,imrpthumb,0,1,0,0
break-stick-TR,1,0.95,1,1.83786874,0.2235526316,5.548941371,NP,1,1,0,0,0,BT@,BT@,1,1,7,0,imrpthumb,0,1,0,1
pop-balloon-TR,1,0.4417,0,2.163316022,0.07666666667,6.433500504,CS,0,1,1,0,0,1[;To;# BT^(,B^T BT^(,4,2,2,1,ithumb,0,2,1,1
tear-paper-TR,1,1,1,0.8556886673,0.7052631579,4.384308178,HO,0,1,0,0,0,1@;T-;#,1@;T-;#,3,1,7,1,ithumb,0,0,1,1
close-microwave-door-TR,1,0.95,1,2.510338928,0.1718847118,5.654428309,IP,1,1,0,0,0,B;T,,2,1,1,0,imrpthumb,0,1,1,0
lid-blow-off-IN,0,0.6417,0,2.152674789,0.2086315789,6.432169484,CM,0,0,0,1,1,B^T,BT^(,1,2,1,0,imrpthumb,0,1,1,1
hit-bottle-with-ball-TR,1,0.7857,1,2.267948374,0.1646681097,6.219794988,HO,0,1,1,0,0,BT^c BT^( 1;T;#,BT^c,2,2,5,0,imrpthumb,1,1,0,1
tear-paper-TR,1,0.95,1,1.846220219,0.2712863409,6.582280756,IP,0,1,0,0,0,1@;T-;#,B[;#,3,1,7,1,ithumb,0,0,1,1
take-lid-off-TR,1,0.95,1,1.509944765,0.2655701754,5.246505161,HO,0,1,0,0,0,BT^c Bkc;/,BT^c,1,3,5,0,imrpthumb,0,1,0,1
light-turn-on-IN,0,0.475,0,2.727131195,0.01523057644,6.704928417,IP,0,0,0,0,0,BT@ B^T,,1,1,7,0,imrpthumb,1,1,0,0
measure-book-TR,1,0.9123,1,2.755549791,0.1189094677,7.081327071,HO,0,1,1,0,0,1@;T-;#,1@;T-;#,3,1,7,1,ithumb,0,0,1,1
march-IN,0,0.225,0,2.395885721,0.2278226817,7.042997159,HO,0,0,0,1,1,B;/ 1T>;/,BT- B;/,3,1,1,-1,imrp,1,-1,1,1
break-stick-TR,1,0.95,1,1.324668611,0.5341052632,4.390842034,CS,1,1,0,0,0,BT@,BT@,1,1,7,0,imrpthumb,0,1,0,1
ball-hit-waterbottle-TR,1,0.7,1,2.379310755,0.0751754386,6.578867477,NP,0,0,0,1,0,BT^c B^T- BT@ B;/,BT^c,1,2,5,0,imrpthumb,1,1,0,1
hit-balloon-TR,1,0.7875,1,2.442550983,0.2291364206,6.745120695,HO,0,1,0,0,0,B^T-,BT^(,1,2,1,0,imrpthumb,0,-1,-1,1
pull-out-measuring-tape-TR,1,0.9,1,2.200663189,0.1394085213,6.892006318,IP,0,1,0,0,0,1@;T-;#,1@;T-;#,3,1,7,1,ithumb,0,0,1,1
tower-fall-IN,0,0.45,0,2.758100484,0.1456566416,6.787162502,CS,1,0,0,0,0,B^T-,B^T-,1,2,1,0,imrpthumb,0,-1,-1,1
taughten-string-TR,1,0.9833,1,1.847775752,0.3170169173,5.661387212,HO,0,1,0,0,0,BT-@,BT-@,1,1,7,0,imrpthumb,0,-1,1,1
pull-out-measuring-tape-TR,1,0.9,1,1.609612066,0.3985463659,4.724338773,CM,0,1,0,0,0,BTo BT-k@,BTo,1,3,6,0,imrpthumb,0,1,0,1
move-box-TR,1,0.85,1,1.274530395,0.6384210526,4.111278552,IP,1,1,0,0,0,BT^c,BTkc,1,2,5,0,imrpthumb,0,1,0,1
hit-bottle-with-ball-TR,1,0.7917,1,2.361537208,0.1068421053,6.604826925,CM,0,1,1,0,0,BT-c,BT-k@,1,2,5,0,imrpthumb,0,-1,-1,1
approach-coatrack-IN,0,0.5,0,2.291662866,0.3200438596,6.06445173,HO,0,0,0,1,0,BT^c,BT-,1,2,5,0,imrpthumb,0,1,0,1
toy-skitter-IN,0,0.25,0,2.563151406,0.1484310777,7.455774152,NP,0,0,0,1,1,BT^x,,1,3,1,0,imrpthumb,0,1,1,0
taughten-string-TR,1,0.95,1,2.347433709,0.1752362155,6.787927294,IP,0,1,0,0,0,1o;T;#,BT-k@,3,2,6,1,ithumb,0,2,0,1
spin-bread-TR,1,0.875,1,2.104160774,0.0871716792,6.791176451,NP,1,1,0,0,0,BT^c 1T-;# U;# BT,BTc,2,2,5,0,imrpthumb,1,1,0,1
lid-blow-off-IN,0,0.7667,1,2.805373959,0.05979323308,7.220124549,IP,0,0,0,1,1,BTo B^T-,BT-,1,2,6,0,imrpthumb,1,1,0,1
hit-bottle-with-ball-TR,1,0.9667,1,2.641744321,0.1467819549,7.195916208,IP,0,1,1,0,0,BT^(,,1,2,4,0,imrpthumb,0,1,0,0
push-toy-in-box-TR,1,0.875,1,1.981399486,0.2874489633,5.813897513,RVN,0,1,0,0,0,B^T-,BT@,1,2,1,0,imrpthumb,0,-1,-1,1
light-candle-TR,1,0.6842,0,2.052898356,0.2434697856,6.825553099,CM,0,1,1,0,0,1@;T-;# B^T,BT-k@ 1T-@;#,4,1,7,1,ithumb,1,0,1,1
adjust-picture-TR,1,0.8,1,2.038855051,0.2916315789,6.722830163,HO,1,1,0,0,0,B^T-,B^T-,1,2,1,0,imrpthumb,0,-1,-1,1
break-stick-TR,1,0.95,1,1.75970301,0.2497256778,5.557199444,IP,1,1,0,0,0,BT-@,BT-@,1,1,7,0,imrpthumb,0,-1,1,1
taughten-string-TR,1,1,1,1.897367567,0.2387192982,5.938540572,CS,0,1,0,0,0,BT@,BT@,1,1,7,0,imrpthumb,0,1,0,1
turn-fan-TR,1,0.8684,1,2.499021899,0.09736215539,6.377200996,CS,1,1,0,0,0,U^[;#,BT^x BTk,2,2,2,1,im,0,1,1,1
toy-appear-in-box-IN,0,0.175,0,2.522417744,0.122622807,6.327527848,IP,0,0,0,1,0,BT-,BT-,1,1,1,0,imrpthumb,0,-1,-1,1
tape-measurer-bend-half-IN,0,0.1,0,1.348195919,0.4345964912,3.880847242,HO,0,0,0,0,0,B^T,BT^c,1,2,1,0,imrpthumb,0,1,1,1
spray-shaving-cream-TR,1,0.95,1,0.7083465777,0.6426315789,2.785493966,HO,1,1,1,0,0,1^[;T;#,B^T-,3,2,2,1,ithumb,0,2,1,1
racecar-into-box-IN,0,0.05,0,2.196841369,0.1809010025,7.225095262,CS,0,0,0,1,0,B^T-,B^T,1,2,1,0,imrpthumb,0,-1,-1,1
take-lid-off-TR,1,0.9333,1,2.389793117,0.05235964912,7.156468262,IP,0,1,0,0,0,UT>;#,B@;T-,2,2,6,1,imthumb,0,2,1,1
bounce-ball-TR,1,0.925,1,1.565917897,0.312754386,6.235219605,IP,1,1,0,0,0,B^T- B;/,,1,2,1,0,imrpthumb,0,-1,-1,0
move-box-TR,1,0.7368,1,2.311619855,0.2139538661,5.996657695,NP,1,1,0,0,0,1T-;#,1T(;#,2,1,1,1,ithumb,0,0,-1,1
poster-roll-up-IN,0,0.125,0,1.87783824,0.3282982456,5.915840531,HO,0,0,0,1,1,B@;/ B^T 1;# B^T-,B@;/,3,1,7,-1,imrp,1,-1,1,1
put-cup-on-coaster-TR,1,0.9,1,2.47635402,0.2364860447,5.774421417,CM,0,1,0,0,0,BTo,,1,2,6,0,imrpthumb,0,1,0,0
shaving-cream-spray-IN,0,0.7982,1,2.409224268,0.09849252762,7.464749831,HO,1,0,0,1,1,1T;# 1[;#,BT@ B^T,2,1,1,1,ithumb,0,2,1,1
door-microwave-close-IN,0,0.7,1,2.607805034,0.1188931419,6.752248211,RVN,1,0,0,1,0,B^T-,,1,2,1,0,imrpthumb,0,-1,-1,0
measure-book-TR,1,0.85,1,2.563970743,0.04021553885,7.086322898,CM,0,1,1,0,0,Bo;/,Bo;/,2,2,6,-1,imrp,0,-1,1,1
break-stick-TR,1,1,1,0.6849547611,0.7475657895,2.367989842,RVN,1,1,0,0,0,BT@,BT@,1,1,7,0,imrpthumb,0,1,0,1
picture-shift-IN,0,0.675,0,3.01494688,0.1120960735,7.765186327,IP,1,0,0,1,0,B;/,,2,1,1,-1,imrp,0,-1,1,0
adjust-picture-TR,1,1,1,2.608550235,0.1132280702,7.044090255,CS,1,1,0,0,0,UT^c;#,Uc;T-;#,2,2,5,1,imthumb,0,2,1,1
move-box-TR,1,0.9,1,1.233738015,0.6279824561,4.004262525,CM,1,1,0,0,0,B^T-,B^T-,1,2,1,0,imrpthumb,0,-1,-1,1
take-keys-out-of-box-TR,1,0.9833,1,2.11273273,0.1434210526,5.815070046,CM,0,1,0,0,0,1To;#,Bc;/,2,2,6,1,ithumb,0,2,1,1
hammer-nail-TR,1,0.95,1,2.110572676,0.187612782,7.229595989,CM,0,1,1,0,0,1@;T-;#,BT>,3,1,7,1,ithumb,0,0,1,1
remove-cork-TR,1,0.975,1,1.961549891,0.1680087719,6.410206909,CM,0,1,0,0,0,B@;T,BT^c,2,1,7,0,imrpthumb,0,1,0,1
cut-bread-TR,1,1,1,1.537703498,0.4950714286,5.228895837,NP,0,1,1,0,0,B@;/ BT(,BT(,2,1,7,-1,imrp,0,-1,1,1
approach-coatrack-IN,0,0.6842,0,2.274474727,0.2015473659,6.114066277,CM,0,0,0,1,0,UT-^<;#,B;/,2,2,3,1,imthumb,0,0,-1,1
tape-measurer-bend-half-IN,0,0.5,0,2.481787279,0.1285964912,6.013031725,IP,0,0,0,0,0,UT<;#,BT^c,2,2,3,1,imthumb,0,2,1,1
pour-bottle-caps-TR,1,0.8,1,1.966580209,0.1906578947,6.418664225,NP,1,1,1,0,0,BT( U<;#,BT(,2,2,4,0,imrpthumb,0,1,0,1
toy-appear-in-box-IN,0,0.15,0,2.316113923,0.1794273183,6.51206974,NP,0,0,0,1,0,U^;#,B;/,2,2,1,1,im,0,1,1,1
bread-spin-IN,0,0.6875,1,1.884012099,0.2332719298,5.641435761,HO,1,0,0,1,1,BT^x 1;#,BT^x BTk,2,4,1,0,imrpthumb,0,1,1,1
spin-bread-TR,1,0.5042,0,2.410223161,0.09838596491,6.405134577,RVN,1,1,0,0,0,B^T- 1;#,BT^c 1<;#,2,2,1,0,imrpthumb,0,-1,-1,1
ball-drop-IN,0,0.3167,0,2.03196843,0.3228145363,5.320513026,IP,1,0,0,1,0,BT^c,,1,2,5,0,imrpthumb,0,1,0,0
plug-in-TR,1,0.9,1,2.243618514,0.2497063112,6.659099352,IP,0,1,1,0,0,U^[;T-;#,BT^(,3,2,2,1,imthumb,0,0,-1,1
paper-drop-IN,0,0.05,0,1.447831515,0.3592857143,5.612034602,HO,0,0,0,1,1,B;/,B;/,2,1,1,-1,imrp,0,-1,1,1
dip-finger-in-jar-TR,1,0.8083,1,2.692291153,0.122387218,7.038549986,HO,0,1,0,0,0,J;T-;#,BT^(,3,1,1,1,pthumb,0,0,-1,1
put-cup-on-coaster-TR,1,0.9583,1,2.353908783,0.2043811612,5.914114812,HO,0,1,0,0,0,B@;T B^T-,,2,1,7,0,imrpthumb,1,1,0,0
ball-bounce-IN,0,0.2917,0,2.566585139,0.152005848,6.842803961,CS,1,0,0,1,1,BT-^c BT^c,,1,2,5,0,imrpthumb,0,-1,-1,0
coatrack-approach-IN,0,0.35,0,2.510338928,0.20278467,6.474165182,IP,0,0,0,1,0,1<;T;#,,3,2,3,1,ithumb,0,2,0,0
walk-backwards-IN,0,0.1,0,0.9646946227,0.6607735247,3.392118655,IP,0,0,0,1,1,U^;#,U^;#,2,2,1,1,im,0,1,1,1
toy-skitter-IN,0,0.15,0,1.956906756,0.2452631579,7.663825848,RVN,0,0,0,1,1,B^T BTk,B^T-,1,3,1,0,imrpthumb,0,1,1,1
crush-can-TR,1,0.875,1,2.299612816,0.1457418546,7.788945458,CM,0,1,0,0,0,B^T- BT-^c,B^T- BT-^c,1,2,1,0,imrpthumb,1,-1,-1,1
tear-paper-TR,1,1,1,1.765339533,0.3202844612,6.603591147,NP,0,1,0,0,0,BT->,BT->,1,2,6,0,imrpthumb,0,-1,-1,1
plug-in-TR,1,0.775,1,2.626164786,0.1695943077,6.949749445,NP,0,1,1,0,0,1>;#,B;/,2,2,6,1,i,0,1,1,1
shake-shaker-TR,1,0.9125,1,1.357929091,0.38,4.403310219,CS,0,1,0,0,0,UT^c;#,B^[;/,2,2,5,1,imthumb,0,2,1,1
toy-crawl-IN,0,0.05,0,2.425479705,0.2352631579,7.57989306,NP,0,0,0,1,1,UT^(;#,,2,2,4,1,imthumb,0,2,1,0
paper-airplane-land-IN,0,0.05,0,2.690828622,0.1894110276,7.596603735,RVN,0,0,0,1,0,B^T-,,1,2,1,0,imrpthumb,0,-1,-1,0
pour-bottle-caps-TR,1,0.9583,1,0.9589449956,0.3986842105,4.337964843,CM,1,1,1,0,0,BTc,BT^c,1,2,5,0,imrpthumb,0,1,0,1
dip-finger-in-jar-TR,1,0.9474,1,2.623521756,0.0882887775,7.433168575,IP,0,1,0,0,0,J;#,,2,1,1,1,p,0,1,1,0
bowl-break-IN,0,0.675,0,2.684656542,0.07550877193,7.34181541,HO,0,0,0,0,0,8T(;/,8T(;/,2,2,4,-1,mthumb,0,0,1,1
toy-appear-in-box-IN,0,0.225,0,2.641534211,0.03556140351,6.903634368,CS,0,0,0,1,0,B^T,B^T,1,2,1,0,imrpthumb,0,1,1,1
paper-drop-IN,0,0.0833,0,2.28731388,0.2479302832,6.776189507,CS,0,0,0,1,1,B^T- BT-^c,,1,2,1,0,imrpthumb,1,-1,-1,0
pull-out-measuring-tape-TR,1,0.9833,1,1.92293905,0.1071052632,5.317167498,RVN,0,1,0,0,0,1To;#,BT^c,2,2,6,1,ithumb,0,2,1,1
march-IN,0,0.05,0,1.57539056,0.4944298246,5.181191568,RVN,0,0,0,1,1,UT^c;#,,2,2,5,1,imthumb,0,2,1,0
hammer-nail-TR,1,1,1,0.567060931,0.7307017544,2.229871527,IP,0,1,1,0,0,1@;T-;#,1T>;#,3,1,7,1,ithumb,0,0,1,1
bowl-break-IN,0,0.6842,0,2.323306819,0.1471442495,6.241785101,NP,0,0,0,0,0,B;/,B;/,2,1,1,-1,imrp,0,-1,1,1
tower-fall-IN,0,0.8583,1,2.969916503,0.04571291866,6.762510209,CM,1,0,0,0,0,B^T-,,1,2,1,0,imrpthumb,0,-1,-1,0
box-move-IN,0,0.8947,1,1.941785059,0.1953216374,5.875365915,CS,1,0,0,1,1,BT@,,1,1,7,0,imrpthumb,0,1,0,0
hammer-nail-TR,1,1,1,0.7083465777,0.662443609,2.823275446,CS,0,1,1,0,0,1@;T-;#,1<;T;#,3,1,7,1,ithumb,0,0,1,1
spray-shaving-cream-TR,1,0.95,1,0.3943976914,0.8052631579,1.527660917,RVN,1,1,1,0,0,1c;#,B^T-,2,2,5,1,i,0,1,1,1
hit-balloon-TR,1,0.85,1,2.388889715,0.1935785486,7.328554859,RVN,0,1,0,0,0,B^T-,BT-k@,1,2,1,0,imrpthumb,0,-1,-1,1
put-cup-on-coaster-TR,1,0.85,1,2.306436695,0.3194548872,5.405512542,IP,0,1,0,0,0,1@;T-;#,,3,1,7,1,ithumb,0,0,1,0
bounce-ball-TR,1,0.875,1,2.331252849,0.1375588972,7.380738996,HO,1,1,0,0,0,B;/,B;/,2,1,1,-1,imrp,0,-1,1,1
car-pass-tower-IN,0,0.45,0,2.5393674,0.1476787803,6.920187343,IP,0,0,0,1,0,UT-;#,B^T-,2,1,1,1,imthumb,0,0,-1,1
bounce-ball-TR,1,0.625,0,2.342633719,0.1733684211,6.372418481,NP,1,1,0,0,0,B;/,,2,1,1,-1,imrp,0,-1,1,0
hit-balloon-TR,1,0.9,1,2.188451572,0.2089440267,6.723405506,CS,0,1,0,0,0,B^T-,BT^(,1,2,1,0,imrpthumb,0,-1,-1,1
